filename	mean_int	mean_int_bg	int_intensity	area

1005_Ch11.ome.tif	90.07918552036199	32.85668103448276	39815.0	442.0
