filename	mean_int	mean_int_bg	int_intensity	area

37.83353010625738	37.83353010625738	192270.0	5082.0

52.69415204678363	52.69415204678363	360428.0	6840.0

37.24570510443703	37.24570510443703	301355.0	8091.0
