filename	mean_int	mean_int_bg	int_intensity	area

1005_Ch11.ome.tif	37.83353010625738	37.83353010625738	192270.0	5082.0

1051_Ch11.ome.tif	52.69415204678363	52.69415204678363	360428.0	6840.0

1057_Ch11.ome.tif	37.24570510443703	37.24570510443703	301355.0	8091.0

1063_Ch11.ome.tif	40.49159663865546	40.49159663865546	173465.99999999997	4284.0
