mean_int	mean_int_bg	int_intensity	area
35.403761755485895	76.97979797979798	169407.0	4785.0
40.169646950939935	328.61279461279463	262830.0	6543.0
